,y_test
0,9.86135316605472
1,-235.25211977687616
2,64.96068370241647
3,-197.53030799017122
4,55.365115488128026
5,-26.718432448889892
6,-430.7337752275947
7,38.35814402457225
8,9.796215230438598
9,-31.636325643646693
10,113.09792504501408
11,91.95586149790867
12,120.0218989307593
13,185.29720079167407
14,-39.92070686837497
15,14.41698584591444
16,-143.4521996726424
17,-15.34000833838443
18,287.00775889150407
19,-175.81013551390416
20,-150.0474009553862
21,232.66537480171428
22,-213.78435261963304
23,212.36673741321806
24,-82.79026459382169
25,5.027784667201175
26,181.1599966773448
27,70.2860035281702
28,0.6687774935250008
29,-67.41891097861487
30,265.86156766695746
31,-30.05238633444968
32,-82.71056854348174
33,181.58673346291982
34,135.03681851995026
35,-24.497937509997847
36,-151.0716830133239
37,154.03648614949745
38,-191.85144693289558
39,80.58788059083321
40,163.6875626813072
41,296.01726475391166
42,67.89018974697183
43,97.57719423150756
44,-110.58518029988191
45,251.97228200532516
46,28.39094252227376
47,45.07275144522174
48,136.32643504462226
49,123.49445878583637
50,-118.59478897226808
51,-60.87491064685625
52,36.15879171408946
53,-134.58698314698628
54,-73.01937329103288
55,219.0092286196559
56,197.10815252643394
57,-34.81667297998284
58,303.7849425662408
59,52.05287282924624
60,58.26602748944257
61,72.12612131689002
62,78.45197973437743
63,-109.51734695632419
64,-108.95376957336521
65,-214.2299320347287
66,-161.70475655515546
67,-146.7919903480163
68,9.232175535121584
69,-128.4669111713623
70,17.892213518971282
71,113.49052691014268
72,-104.25164825348804
73,29.2273469309839
74,57.891648420705394
75,-77.6315707824007
76,-124.29932097232044
77,100.72050860931782
78,-297.1729944524384
79,-92.87169943401868
80,191.4343579492299
81,-206.32103898509052
82,-54.19920009901411
83,10.256146796475079
84,-98.81102275407568
85,-370.0001009798866
86,-95.14798030619006
87,3.488305055099268
88,-22.84692156748666
89,-101.08542881232353
90,-390.4103528676103
91,34.42461021257531
92,95.75459891058364
93,27.71617590405458
94,254.54988049239242
95,-43.53887038057225
96,260.9493455205825
97,-77.61382405529355
98,82.49849786263985
99,153.72626741872588
100,-75.09845204163634
101,-37.18544690146947
102,-114.78987343265345
103,-341.64996647772045
104,-1.4318505975632263
105,59.03550866369871
106,-126.62440173650837
107,66.16206615760301
108,188.30613569870698
109,56.18976455010363
110,-53.2528960787295
111,-4.178914381424278
112,-209.7761189781225
113,-2.8730191554714466
114,29.467823376351205
115,71.40858132359476
116,-72.1494163093262
117,-221.49722601832937
118,-161.7890403737935
119,282.9429155540859
120,-60.956305867611746
121,-35.16237938221737
122,-103.18172512659321
123,-120.73415789104743
124,-121.43127460833314
125,172.59876275653366
126,-90.62405681954351
127,51.885439651516656
128,-111.54241169536027
129,-19.509789471330492
130,98.19103093962991
131,-36.316352468975175
132,58.84273670183181
133,18.6361018545512
134,72.689779172046
135,129.2843501958672
136,159.90459402750088
137,-31.51297371319521
138,64.44039062250758
139,-76.8165502404265
140,-191.99202240217625
141,-310.5546451096077
142,-128.74522850209655
143,52.57754112708988
144,-86.8786343203983
145,153.22694412672934
146,165.23416816585686
147,-127.06151811978313
148,237.93497802962233
149,-19.959518974634797
150,262.7353200537419
151,182.32070539299576
152,288.8895898105744
153,-123.89121464542187
154,241.84921013480863
155,-152.4208268187401
156,127.7477075375983
157,46.96458766231656
158,21.598972982575965
159,187.19927969302563
160,-330.29037365976035
161,86.94926015700175
162,-36.760920985494515
163,-50.89783786764788
164,9.08483798167903
165,15.780788380585488
166,-3.2500933013417637
167,-148.09029534289874
168,8.173983698273489
169,248.98036677288184
170,253.47627216288578
171,-25.113303677289025
172,-2.9086480439225824
173,-21.465033531633992
174,120.43050424430373
175,-113.21720506741963
176,-21.05144604122684
177,-189.99952816535912
178,13.462143873273838
179,-128.73955999556406
180,-209.02441314367508
181,123.38139833123927
182,168.45633132980439
183,-123.77884935664322
184,17.28463429179338
185,266.4385706605717
186,-10.418780255041149
187,-140.37002573475382
188,125.30666080810786
189,59.35237622446577
190,33.82528167296739
191,-89.11452937727452
192,202.6694275019643
193,-54.726824327759246
194,46.041031479142745
195,-181.21688343560018
196,61.62315460874081
197,47.599160218025375
198,-88.48298043282537
199,-228.17739355753628
200,44.004005543250884
201,282.057481129361
202,-26.804946144330266
203,-189.9130241125942
204,-231.96602193079042
205,50.17770665044964
206,-108.2301399425665
207,134.5305070482759
208,42.1408818032398
209,131.57881288988412
210,93.52320163753808
211,-177.70645141658707
212,229.89617979374708
213,158.2085612491859
214,252.19706243923224
215,194.98740337961192
216,14.391638740899857
217,8.183739019651988
218,-164.68283722738585
219,-0.010030472452150718
220,-84.36196717447984
221,109.75861379361798
222,-32.394403528648866
223,-184.36007722149054
224,-164.7370240461483
225,32.962086783375
226,-177.44634776096558
227,387.29105981381707
228,-263.9731235404781
229,-40.50548017757809
230,-28.101872533221815
231,124.83239517856025
232,-103.69963773118587
233,3.998972933582081
234,-42.29755813474293
235,43.09030321317076
236,-107.49098774745801
237,255.01649490385023
238,-4.5600193079492755
239,144.54107794997958
240,-53.38539434973428
241,132.6521521112603
242,-19.363460080177887
243,153.39660441727244
244,108.97341896018479
245,-150.4126311110328
246,-131.4256664301263
247,11.866126304909251
248,60.016107303223635
249,219.53403939339051
250,-60.838125599392626
251,-22.91811812472372
252,27.863563462156037
253,-17.576572749209802
254,-39.76378723431063
255,146.76304145283547
256,88.57979421326212
257,-75.67722987041245
258,-79.10608529850444
259,147.29615520950904
260,201.66645089386446
261,49.618232549172035
262,-88.73497521628607
263,-73.91566919054083
264,-133.85801872739574
265,-178.17181966760052
266,18.91729835324498
267,262.29705599817294
268,131.21851904703888
269,118.91642859172143
270,14.696494310112026
271,47.985001504792805
272,181.62933410372634
273,-66.41472583475147
274,153.68107607451356
275,-85.19061776040417
276,-41.959714377209856
277,-81.28235245566391
278,-34.63170021630013
279,156.93630900368794
280,244.4728360282582
281,206.28553260385758
282,-30.14327811266459
283,-145.78372568221255
284,-443.3096173926542
285,333.6761520231663
286,-169.53119002444785
287,206.46413923129148
288,121.88101956294537
289,163.0309220884038
290,-50.32142632459238
291,112.36995616938088
292,-82.49381347170643
293,204.9734057878589
294,70.48028950260795
295,169.29080433069316
296,-115.15325896082678
297,-119.45734974460763
298,153.7178205729314
299,-126.11169395687345
300,125.17560972434961
301,130.9080263271402
302,-48.91227630839238
303,198.4817865455617
304,413.97979387139975
305,96.18063106865782
306,132.84957944457275
307,219.81299182652643
308,54.02418663872819
309,-10.160734262235898
310,-142.2199337989274
311,135.89804146859993
312,-39.24470701858721
313,64.50668747158244
314,128.58470698863465
315,52.93499938317052
316,-86.68555799529238
317,193.32787147229763
318,34.26697781016681
319,200.29385032817848
320,-31.14467355287904
321,-160.13827458657607
322,-191.54343036535653
323,-258.97229429344867
324,220.52010398208103
325,-198.16635262110128
326,-165.20152911023067
327,67.83170008859494
328,-88.92100400420725
329,131.74023854227687
330,-138.6177483753832
331,98.79772257814861
332,59.406489222838516
333,226.2099338371537
334,33.06251330855727
335,-134.24188366264798
336,-44.913608241459556
337,69.58662820467862
338,-55.771991312972844
339,6.395740177548305
340,33.28097259485884
341,369.41961422015567
342,-73.77252207873488
343,12.928168262050121
344,3.3027753612384885
345,34.40714392133606
346,219.11970217952992
347,-17.29569562659003
348,-240.8607944794517
349,2.4465987783315413
350,38.25165478375783
351,-48.34496343148068
352,-45.11717040983538
353,-192.10190320316286
354,-196.10029542905718
355,-116.38419077516902
356,-107.98914236585328
357,-231.04568612737353
358,69.24805631558576
359,129.93783753979892
360,213.00999351005214
361,133.0449071879212
362,-211.0121150669916
363,-171.64028185152011
364,-26.60369933858878
365,136.75464189318978
366,-60.027078798414294
367,-129.80412267538685
368,-16.095998016538662
369,105.28162175892083
370,-168.06314870513836
371,154.36582406491118
372,-130.95350910919973
373,62.09041345246733
374,106.66244408476354
375,-28.534848323308182
376,-119.54668106599092
377,-73.8418732794376
378,1.8129769910130165
379,63.118237674065874
380,-142.47388427224985
381,-174.7506334809933
382,-224.2829984425252
383,46.13637121638918
384,-108.44779589647818
385,157.96453986217534
386,174.8825954864815
387,-0.8283061289737077
388,216.22276472852866
389,325.839824882947
390,-127.78769566089748
391,129.18329295778406
392,314.9827946583344
393,-113.1753888925451
394,-30.44650683441388
395,322.10991563558724
396,1.2966706339510736
397,-234.78672989268296
398,-126.93737478468913
399,166.57460480462407
400,-164.34346759209387
401,7.625873435661248
402,32.03735257847984
403,-84.21094734847517
404,-30.17673458771887
405,228.85658193977594
406,86.27423046210842
407,-25.488904156757947
408,465.4642482172365
409,82.89473986698718
410,71.11136927340355
411,-75.8074403030676
412,-42.943333681356805
413,83.76569502508674
414,236.12622700014032
415,-192.05903901329762
416,-56.18381622330346
417,88.78651031758106
418,98.30131971412993
419,276.5024881659917
420,124.98346903360371
421,289.42233589456424
422,-146.1332285941566
423,142.09248645976578
424,181.0656825964973
425,207.75624749564778
426,394.8137170685601
427,-195.2146553269693
428,-17.571847685745666
429,90.23776410611606
430,-6.881702722592806
431,-290.5312589217611
432,216.1125291930693
433,216.8474226675152
434,275.1350810945354
435,-178.92884824229913
436,190.99448733295884
437,-215.19749197475673
438,-75.44001691584498
439,86.3616936938562
440,13.06050246004196
441,128.7504079037197
442,36.4353637545712
443,53.159397777658526
444,-277.0154304920807
445,30.809884610030736
446,148.98208400001886
447,-152.82598964043768
448,-40.591577024119715
449,139.89886334583846
450,43.464919451468305
451,94.54423183562193
452,-46.13192276633115
453,220.27467592217525
454,-154.05642598089574
455,-88.10446872653418
456,165.8515427818679
457,101.94691449433728
458,91.25166167936143
459,130.5849394618573
460,116.84710469438781
461,113.13676077152522
462,47.29449278014549
463,197.94806834286226
464,-199.46174350189162
465,-87.85400877753727
466,49.43117218945608
467,-56.76193295544199
468,-73.86786380991866
469,87.9941671024645
470,-88.98872156131881
471,-87.6599399670388
472,0.6714000786798238
473,-103.50188545765
474,-156.06955449051787
475,-73.80900406632027
476,-72.72239144060585
477,-171.47455705600606
478,54.327503424702655
479,9.34685828863536
480,66.61570240234278
481,30.172711336360045
482,39.17356756251077
483,25.804672724489485
484,-65.59254970092317
485,11.806703460972102
486,79.97930337773253
487,104.46222562591619
488,-29.937709933828643
489,-18.03658657653144
490,-286.78347985534185
491,-15.690209469658505
492,333.0721459967928
493,129.60099015139693
494,-5.498095142489092
495,401.8604006113859
496,37.48061818110067
497,253.9677468212055
498,165.68917518680732
499,-56.9498123188942
500,-39.88187037008784
501,97.87313021173185
502,85.90461467041926
503,1.8899333855983045
504,-3.0937723279064
505,103.14407016338293
506,-99.31702215631779
507,-104.38941618536022
508,-3.5994499729625247
509,260.38681842643643
510,214.349272143609
511,-83.94286665123889
512,-294.0952771098172
513,-124.95486459257
514,58.74607772771235
515,44.12607402873387
516,-49.7732171736607
517,-166.24627825490333
518,163.7762736419271
519,-185.50777733970227
520,28.96874798835171
521,365.94119656176974
522,60.485249872881155
523,-33.24956997740347
524,-258.04933170787206
525,213.39563227259725
526,-52.32797109478335
527,199.15910332349267
528,-90.67939023860059
529,87.75445627141328
530,88.27842980906121
531,262.2221194961893
532,228.04156508292172
533,222.1084046926611
534,137.52571055654755
535,-168.54306936982675
536,-59.00152091983055
537,-104.05208680192993
538,-128.2827768806648
539,-161.78786142596297
540,-50.44583440155678
541,189.14738082233285
542,-103.30323284354215
543,-251.3070519033661
544,-25.890202688648515
545,190.21991769651322
546,-192.98871000298976
547,3.7604087061802716
548,51.10488794431771
549,-123.59393724048067
550,20.426461644260712
551,131.2339667965112
552,48.462171236868
553,-237.33086925726684
554,-74.8894267383366
555,-98.35178191198568
556,-181.08278902840894
557,20.214263373967654
558,15.525148029600238
559,231.60798240203613
560,85.64109160354678
561,-251.17298422471282
562,100.25037661810617
563,67.42608745292799
564,-32.87595063811373
565,-91.51925730614889
566,51.997510273835736
567,165.036037399953
568,-170.05128800341802
569,219.95452536279993
570,-19.902994987572697
571,-10.851329108155404
572,-224.47250701494556
573,99.83136328646006
574,-137.72635711001095
575,-44.71734738184844
576,174.66807155389688
577,207.80885769734383
578,63.29194606512227
579,-173.417176482888
580,-59.44947196265331
581,-243.91132467820495
582,-87.96539843639823
583,285.95856098885116
584,85.73835660970751
585,-80.77662847469512
586,149.11318142331703
587,-67.73715620227843
588,-161.18984689757087
589,-162.4929077228565
590,-127.36328384167439
591,-68.98717724926074
592,57.61026395392785
593,27.862926239662315
594,97.44815948777034
595,32.04237046568658
596,-136.36107029996003
597,-12.900576555547374
598,110.98309413952052
599,107.37780902902416
600,110.18889420020886
601,30.347972746312138
602,-50.93057279206885
603,43.4592132977296
604,-76.41473491285252
605,-443.57129653695966
606,126.42096245984507
607,-94.58598378709176
608,-76.083128045533
609,-153.59526906617077
610,151.41477701896565
611,65.59132385689935
612,188.95744345061374
613,-313.91354980644513
614,-49.23375949430534
615,-190.07149441838877
616,-180.24788348992945
617,39.674504667399695
618,90.78995374342571
619,-254.9407953177024
620,-65.88455220496436
621,-82.43514535620639
622,101.31185821016638
623,225.47235897902218
624,-106.60891272985737
625,-142.75966596374155
626,76.84147004367352
627,100.59481240008382
628,-118.46746659796722
629,46.86401221764805
630,-61.30683551951232
631,-82.58393401727066
632,-63.7298103608434
633,-52.81241295149604
634,81.9262692949397
635,-8.727100482883401
636,234.81413026533085
637,184.3558983271613
638,-154.2655185240547
639,231.66034647499674
640,123.1912280082759
641,-44.727461255129626
642,3.4195145967884812
643,24.543480952840653
644,147.5302786001069
645,81.38126421724917
646,-70.64266245978331
647,300.6434936557953
648,-95.61713651477832
649,72.59759032152017
650,-91.5003625374584
651,140.33890662651268
652,-104.57201887131579
653,173.00784380104648
654,96.8728177318107
655,-38.274642383179746
656,-107.42895611237331
657,277.63939291224983
658,21.605921791392262
659,-216.01246519891043
660,-126.53755264989412
661,-97.25139010998411
662,-19.845271703303894
663,-45.55086822919114
664,-89.55095020780132
665,-85.86663213377904
666,210.09334295135514
667,0.5001025424078591
668,16.76657751669984
669,20.63509506408262
670,-183.71498427129413
671,-51.57433534653793
672,-16.838086866629425
673,-59.11491391625758
674,108.0670139582034
675,167.30044447498796
676,119.4852391688644
677,8.713678520939094
678,-162.14415201241647
679,25.871483649342082
680,11.773088171991262
681,26.277694775432362
682,183.6435660692344
683,-46.345734638025164
684,173.4009338378149
685,26.426388900259454
686,-207.02833232519941
687,73.89127143189296
688,-265.34489550092695
689,165.16970414654259
690,-210.9033650354666
691,75.95399930975063
692,-113.20277736676016
693,-151.7220073664712
694,2.68098388136778
695,-79.88740052512969
696,-8.883861962750096
697,-47.3601855605143
698,214.5798563322757
699,-133.9061337191395
700,53.5738668471452
701,-61.57239273907791
702,-83.8560191866801
703,132.29962503586796
704,149.61208006793302
705,24.462419403471223
706,6.15426276720919
707,-1.971856129938331
708,-34.17496952689535
709,-1.9549046216255483
710,141.62848080196957
711,78.37244523744633
712,-61.078316934111015
713,-24.95101975943055
714,2.0907591165384716
715,-170.86436817703736
716,-97.67477431045009
717,114.11319019343048
718,-361.849933900465
719,-415.55221872476636
720,142.17813682081228
721,-44.711127395370454
722,-100.29576441178034
723,48.78095306846311
724,-94.6381208065331
725,246.05803618170867
726,-54.436284176090396
727,170.686636873878
728,208.7828414428343
729,115.89970911234941
730,-223.999461334565
731,80.96975744509407
732,68.54387429015739
733,70.74222162861373
734,-50.34760125538604
735,-169.0520880126148
736,-237.85868447053585
737,-256.3319490694695
738,125.97087748421197
739,53.27466183512874
740,321.42518047662827
741,-9.122954627378988
742,114.77563407004591
743,92.97178249026365
744,-222.18855610898976
745,61.36788076492216
746,-166.69808684381283
747,-77.36960249851063
748,254.2100480244731
749,-75.1867560256874
750,-131.19115770819778
751,-107.26211454215299
752,177.31889107619995
753,264.211181538587
754,-190.57847849325785
755,-109.40786272711424
756,140.63017552632
757,112.32910211616331
758,5.633525748364294
759,-349.8700040131365
760,-46.05660433436142
761,-199.92859582861246
762,-32.54510891812164
763,-326.46902059941334
764,203.4502199731189
765,75.67349752219278
766,16.080800335139436
767,156.20722016617873
768,90.3735616279947
769,-296.978661314138
770,33.66123763768446
771,12.652576385265377
772,-49.926029676017095
773,-177.35556605350126
774,263.2784502647513
775,-238.59418121568328
776,-81.34789848505068
777,467.21863783365825
778,-26.685221544131675
779,126.91123517511542
780,218.60843604281496
781,-86.49789255585878
782,-124.18189495499884
783,277.3244091906486
784,46.294656960713624
785,168.79426197396296
786,45.509068766716155
787,16.576980072973143
788,-227.47166956232996
789,-248.24547302785768
790,223.1762438583026
791,57.4779063463611
792,-42.67560849159024
793,141.58367272127938
794,-85.93889343297937
795,279.37397790099544
796,21.023195448096793
797,-128.48446273269244
798,62.690698298217015
799,66.55316060672456
800,-198.07647737332326
801,105.39208029692773
802,-125.18359581265331
803,209.8467438766661
804,128.22382157495613
805,164.00443925000272
806,-116.54348303683393
807,97.71730667161967
808,-145.32723544005646
809,-106.10783416003122
810,-184.59502354433087
811,152.77065700494785
812,-71.6717055903878
813,-54.15274092311452
814,166.5323819163138
815,406.3416985302342
816,129.92912082192584
817,77.94893775744504
818,-148.09928036130881
819,-307.2252512285695
820,-222.33416743262902
821,-305.5098371903653
822,-228.32633329662244
823,-28.011357686695213
824,-70.51446323000545
825,-115.70284758269818
826,-159.9788238353825
827,-58.2667416684816
828,-225.5478701714278
829,-112.64989312377716
830,-70.37163283419214
831,-245.40515492870176
832,-61.98790080424566
833,17.567353761325347
834,-15.149093482717234
835,70.93476690156187
836,80.6649089171697
837,249.49467314859646
838,72.1591069893983
839,110.59212738685964
840,-167.67160183999357
841,-182.12268358492304
842,-109.58355193166125
843,-40.60368458909309
844,12.552740562858595
845,-207.77745163673717
846,39.13350446147681
847,-45.4181979966121
848,117.63665923635186
849,270.0249958232371
850,-52.76701096699566
851,-62.83747717373667
852,92.65227880615609
853,-125.18038701891896
854,2.7300083922574387
855,247.2628140904177
856,-26.889622792450787
857,-32.29004386920398
858,-93.73379709825497
859,-31.67883234925977
860,7.180995018949638
861,3.0983270283876507
862,-58.606488286282435
863,-154.39001256417708
864,336.07711052454175
865,-20.127994169136393
866,-192.36259463027994
867,11.7889066343429
868,-0.24797614014931213
869,-34.286789199255026
870,166.81899571768116
871,46.77800880320329
872,-167.64017829698963
873,-195.9300690877341
874,7.215107062823204
875,241.6823416410736
876,-30.89257247458814
877,-7.175886340095758
878,-7.692164574460268
879,17.704497103153074
880,-90.41077899027748
881,-107.62399666998922
882,-66.11185216008694
883,258.290158599044
884,93.05032847492063
885,166.65656854857764
886,-46.342995591761834
887,83.09051552484016
888,-110.34637895999994
889,151.66998138953824
890,23.310710286935972
891,-200.35281310332294
892,183.97208124911856
893,-303.69759507935515
894,-43.75755204345426
895,-72.2958288357304
896,183.10498006914239
897,-114.86729488619514
898,-81.21104457168296
899,-3.998825517813316
900,-92.7723592297321
901,56.106590781913056
902,-154.07824879558547
903,125.13624080493793
904,148.83165197856943
905,158.89776846999416
906,46.706059706082655
907,63.51420934906318
908,-6.234850692389443
909,40.36283476253523
910,93.27490862567205
911,268.79396481832504
912,52.09190849944069
913,-205.61620190938956
914,92.53818976963483
915,-131.25139302354034
916,-239.9547730616584
917,-104.17801646244052
918,98.15403208635792
919,-255.72983787806822
920,152.21444903323174
921,-104.94921651842819
922,57.04736828445761
923,-55.82119090704779
924,-91.16511401438403
925,-304.53918593935276
926,-8.945546718406433
927,-390.11315844057276
928,185.63698606528033
929,27.37677308663507
930,76.02649354934236
931,-103.06572324028998
932,-26.566210586038714
933,137.53673975437934
934,-266.00348066269373
935,172.35332321836188
936,-276.2171251619399
937,-71.31406900631328
938,-38.783584494225124
939,-73.9456321040861
940,110.76356701798713
941,-11.19992412106868
942,251.6338580889287
943,110.4731699077892
944,-0.935566203600537
945,-12.174505332148975
946,-3.1157046431921316
947,-44.11594543481537
948,-109.52238178790208
949,155.02026286785073
950,-141.68734205786157
951,36.22068100975924
952,41.39164763386954
953,-41.51432033233577
954,236.1079436849698
955,-14.755844463564934
956,-9.58839648135055
957,48.02013221085287
958,-56.71152325175526
959,-9.619359604319783
960,-83.66105295011363
961,408.95260516512883
962,-265.3726778858761
963,171.0459025024115
964,-195.61398042972723
965,189.8634538221735
966,-114.67237024451113
967,16.33382734612021
968,255.3929565193692
969,-114.73199427493097
970,-91.83547140148563
971,-134.8148039755195
972,106.2429670410379
973,215.7758182861288
974,26.564461763547854
975,-187.33011670859477
976,159.41923929413633
977,-25.37266866415905
978,-78.21912062067933
979,31.224061440722423
980,-248.28769469275173
981,133.221737102681
982,213.6351460568593
983,172.23771032423465
984,126.4631648627257
985,-77.97676283628087
986,-70.62791544202749
987,80.4067099419682
988,34.688400917598074
989,262.50458915581834
990,-250.83934734953166
991,81.31277117394347
992,-76.14585090505567
993,189.4710220074037
994,210.0695557647485
995,-77.01653679321026
996,42.123152700099595
997,93.57143194854805
998,44.492174128513426
999,-88.09255668493631
1000,-120.96285025696665
1001,3.5725576673771258
1002,-1.7297568368925127
1003,-120.0173043963503
1004,-10.38382616568876
1005,-61.38103157087341
1006,40.758320752761776
1007,-134.71817661636425
1008,47.25962661538769
1009,34.454922905607674
1010,20.771901827252435
1011,128.80569402371833
1012,65.68115284304054
1013,-202.21409076572186
1014,-247.87093129615994
1015,41.459768956248524
1016,157.62693512730377
1017,67.71017036960771
1018,111.5760300030918
1019,-246.02845659775681
1020,-98.51770866031619
1021,-96.3759727779819
1022,61.114652315162076
1023,76.58054125829771
1024,509.10067289452377
1025,60.67117738453783
1026,-68.07888582715938
1027,99.41598021118719
1028,185.08548205259905
1029,-148.03517601140047
1030,112.8268104618031
1031,118.58386469412687
1032,-173.15255878425614
1033,67.84041223450998
1034,-78.90806899770669
1035,188.5141961729473
1036,-87.34171808664068
1037,12.279874204142686
1038,-51.728271398551925
1039,-273.865981147859
1040,182.93663391085752
1041,-153.12675519571752
1042,-238.15958506030776
1043,255.81614760089218
1044,-23.66540758272685
1045,-130.614256846772
1046,-176.30655401699542
1047,-114.0714628522491
1048,321.08152647161035
1049,44.71928391587557
1050,20.496875097512145
1051,-32.30577615647749
1052,-17.421992967748537
1053,24.19333604809546
1054,254.28584965522663
1055,-316.5055057945408
1056,-195.21188603298526
1057,108.08273295001923
1058,-104.70962014701112
1059,-46.65680405762623
1060,-95.20610242419232
1061,-134.77791122116844
1062,1.5349197699315056
1063,157.00969489184172
1064,181.3862382895211
1065,-233.02809664413752
1066,37.18014437693555
1067,-36.11483122122539
1068,41.688815385337044
1069,18.220500323188915
1070,-203.10635742323538
1071,-126.81157029461743
1072,111.3892360545659
1073,133.21341115229754
1074,-65.65850114909087
1075,53.154435459608514
1076,276.64222668608465
1077,-263.6497456579591
1078,-151.72320326013335
1079,76.4298813659202
1080,-272.27897477711576
1081,-214.5026910261889
1082,-202.33964101149155
1083,-366.6984253514968
1084,-30.296018105286535
1085,-68.71523991773512
1086,-119.0609246882592
1087,-10.492391648974877
1088,-6.395306778667953
1089,-66.50216112607768
1090,-171.3425211840754
1091,184.8913685089933
1092,-1.7156544291872855
1093,164.4453079259961
1094,141.3954607080836
1095,89.37235791278208
1096,170.38675647359798
1097,-141.06641923743607
1098,178.4587839053918
1099,-126.89719061596999
1100,-28.30481930453604
1101,-112.57037320992058
1102,-43.033822978554454
1103,112.32269526782562
1104,125.52696179983792
1105,-114.3546129155306
1106,6.596828482953619
1107,-275.89187926110253
1108,64.57196366050084
1109,21.768541622771117
1110,-263.8593570652879
1111,64.67412487879042
1112,6.431878124273169
1113,-346.5326077306213
1114,-111.40530694145245
1115,-170.8137262134934
1116,37.30886760039944
1117,284.24048303671304
1118,111.92164682504816
1119,-64.86736355702007
1120,93.06625203983458
1121,-112.4491373459239
1122,307.7580939605149
1123,-203.08960275233306
1124,-100.74489057036958
1125,350.7722620869416
1126,160.79929603113692
1127,37.777003482008396
1128,51.26510031775245
1129,146.40559476728328
1130,421.7217432645479
1131,-176.28875580648543
1132,81.38380648089165
1133,-164.37870600055908
1134,-112.41510026541732
1135,71.99087967993128
1136,190.30256072016638
1137,167.47636831075522
1138,44.132900634860334
1139,-157.85111546775352
1140,-193.1414503683141
1141,1.8160031230027656
1142,88.5620574863767
1143,111.17728976515241
1144,95.22970674749338
1145,-5.719265172268862
1146,-105.43636917888551
1147,168.94656571584628
1148,30.59676193657482
1149,318.8077647111714
1150,-114.98116721772809
1151,56.05917479338522
1152,161.40671828106414
1153,-194.03479770224703
1154,115.5900782055334
1155,48.04724836865273
1156,71.27909967344723
1157,-84.50939228845257
1158,-245.17381884782148
1159,96.816606546917
1160,-79.27218607574864
1161,64.82643743234411
1162,37.36950317510757
1163,-223.334151417259
1164,139.8821401756756
1165,-1.527923468791215
1166,142.04240447108646
1167,-95.73295208270231
1168,45.75886913577484
1169,115.37940581010469
1170,11.033501170027165
1171,110.22726944394364
1172,-199.83378155906797
1173,38.56075245284211
1174,133.45789955204364
1175,-53.04234832844876
1176,304.66762425292677
1177,-24.044184605287498
1178,-2.8148204656332823
1179,-125.2490317945887
1180,228.33892029695355
1181,-288.6960813336848
1182,-39.29883385039851
1183,-150.91094915155887
1184,-162.51677835675025
1185,43.00315359586305
1186,40.245111801986674
1187,-133.7742886447597
1188,249.24530452412085
1189,-20.767324045322155
1190,-88.47461890789597
1191,-137.64130593849316
1192,-126.42238149400572
1193,-310.63981555195824
1194,82.09097977518171
1195,-37.63286916985601
1196,271.6813937598653
1197,-339.79467208491405
1198,-80.11809612916494
1199,45.29432187399902
1200,-148.86633325621017
1201,83.87551118227172
1202,-130.37332545000314
1203,71.19384068307835
1204,-256.6105478253118
1205,340.4131685189041
1206,281.5177558753609
1207,269.34790835636437
1208,164.2241817138512
1209,111.69335498168329
1210,-109.93106220013044
1211,-143.12158829965895
1212,122.73403451191125
1213,60.84139602849437
1214,-85.84613972104214
1215,111.6950660378066
1216,-256.2044279071245
1217,139.8347854228388
1218,-1.8467773544140726
1219,-109.91804372682141
1220,-202.46414213466622
1221,-18.732542654673125
1222,-1.3879186407723765
1223,126.11086107057645
1224,76.13286086576534
1225,-179.42606454620287
1226,-57.16205219102565
1227,-96.82628827696922
1228,-81.45731372627586
1229,-44.70093020093425
1230,-56.6764126916392
1231,-73.46505956931881
1232,0.022312737855017417
1233,-149.00088666936895
1234,75.5118681715698
1235,-20.08376741075176
1236,110.70114325691932
1237,-26.95143891490632
1238,61.718519217450904
1239,114.96524278912253
1240,175.7650649082184
1241,-141.50143446024452
1242,43.7677254438529
1243,266.6727915830634
1244,239.97558473313828
1245,147.46557132768748
1246,81.54311723152574
1247,65.94437153629895
1248,13.068432735139755
1249,-96.27885685324448
1250,37.3844145777222
1251,-120.25572695745433
1252,89.5065195364491
1253,33.54973970989761
1254,-150.4548135795822
1255,-75.86194687674033
1256,-27.54468647557765
1257,170.0731777874841
1258,-209.30607833788764
1259,111.295544381349
1260,-180.93371359717804
1261,-126.97299313510783
1262,396.34549963714034
1263,-39.80912183653611
1264,-106.10096929927978
1265,-6.000139179017502
1266,13.716844793207294
1267,-78.90212133027936
1268,-188.86076286581218
1269,-45.42916297085041
1270,-139.43499115910035
1271,-104.47443752487479
1272,-334.1357493559687
1273,-90.33184015655556
1274,-42.94252924292499
1275,128.6077200911444
1276,-47.94150538880528
1277,-210.9285445456129
1278,-149.2011367382399
1279,28.03137122854821
1280,-121.29922423336798
1281,159.97552155438547
1282,39.00086197214374
1283,-314.9913660066751
1284,244.42383892278417
1285,49.35272616906148
1286,-200.82377469850417
1287,42.76716497502331
1288,95.02328846679868
1289,-97.1625523236404
1290,30.268610584608666
1291,163.40198449468835
1292,-126.97115982769192
1293,339.7078032733163
1294,-36.563240508356216
1295,-52.734362309950484
1296,-35.70002630662192
1297,-89.3344531398944
1298,-192.2298875817589
1299,-49.107456415307325
1300,20.594695514761675
1301,-169.4514270399136
1302,198.3047484017246
1303,-91.74352303821911
1304,179.18149749111495
1305,177.2072355180162
1306,-184.2479908804159
1307,245.7531788357366
1308,33.28363305193541
1309,117.58826893098421
1310,-93.01457263776246
1311,-234.4257122520528
1312,-25.942917029468198
1313,-201.22284701178882
1314,168.0814708715843
1315,29.510040386365347
1316,204.2819436275508
1317,-108.71077309178376
1318,225.9657264397208
1319,63.79961638537336
1320,-168.03618840287095
1321,-135.31788303198573
1322,-181.19336603410466
1323,-141.4262012982589
1324,-70.97157539442236
1325,-74.51963408162126
1326,-97.28270166382696
1327,-138.7228496447736
1328,-176.26845988630495
1329,34.71760447555388
1330,154.9209518645112
1331,35.58615412133887
1332,-25.196366308640947
1333,-121.66659240569476
1334,-230.47834842821607
1335,3.9903688776676454
1336,170.08815776483868
1337,72.5400700051772
1338,-66.30275697899236
1339,231.14136645675782
1340,-9.985466742227914
1341,80.48184195566645
1342,-38.476064521377765
1343,132.64812280238806
1344,52.54727759770222
1345,281.31247551440913
1346,187.6617310891315
1347,-186.43054663501815
1348,164.39615043732636
1349,-128.3387080435569
1350,-38.594675939397646
1351,-66.33491652710904
1352,181.6540416288431
1353,306.07658660697444
1354,-35.00800873816967
1355,50.66899347790208
1356,-186.75757070866354
1357,-187.68788676157885
1358,-124.65795749923944
1359,-42.20491722906118
1360,48.80808516845169
1361,-58.19129712065347
1362,176.67630754022738
1363,-4.959065267654168
1364,-145.24702615787353
1365,216.589739168028
1366,54.2238245919702
1367,111.8278847051366
1368,93.02863891772341
1369,10.54217933165058
1370,209.07298443879807
1371,22.422868772476406
1372,-76.94365205518477
1373,-72.24976102403717
1374,-66.77626027436781
1375,226.74925125588956
1376,8.423781124361408
1377,-87.89253626824751
1378,-66.59384879891368
1379,-101.64995965691892
1380,-61.31908997916763
1381,87.37285124347046
1382,-153.87699134344152
1383,-150.88620058944207
1384,-57.47787205459268
1385,71.80334280395576
1386,-98.54305936510448
1387,-129.23402174594588
1388,-30.326281310071447
1389,-228.98538943152835
1390,-11.532162409853829
1391,-183.03898036999897
1392,-16.38217162914198
1393,85.73901764023411
1394,42.98784678644118
1395,162.70154946067711
1396,153.68900206270982
1397,-57.49708752007585
1398,-91.15894629939895
1399,-164.64687538953604
1400,16.777950636323204
1401,155.04065998323918
1402,-0.9810432775887854
1403,53.80175395191548
1404,-105.95888169446039
1405,34.029214886815225
1406,397.81208047273844
1407,243.4346151154628
1408,-310.18398737775857
1409,179.46037106997653
1410,-188.11261846068257
1411,85.60622272086786
1412,193.43427302856202
1413,108.31092795628302
1414,60.96392357658
1415,-217.43796738447992
1416,-206.52549750234078
1417,188.7526762125094
1418,-90.63706571456672
1419,-159.81727754084838
1420,-1.058537231419308
1421,142.3579972198894
1422,-92.44606272176136
1423,-118.87283810172968
1424,-41.151947401882154
1425,150.47069027048656
1426,-22.61423646681996
1427,-128.00426652968417
1428,-338.7428045221387
1429,-13.43579015659077
1430,153.0909704565196
1431,215.32273446555567
1432,179.1525056542905
1433,177.54634147915087
1434,73.47388870501113
1435,43.58894578704236
1436,106.61929479432509
1437,-168.27212647306
1438,-8.859725688650833
1439,-114.4981519300307
1440,-369.4334609636062
1441,-61.62915702771186
1442,12.169407856447819
1443,115.53101679503183
1444,92.40633549583765
1445,115.8673290723907
1446,59.89829714175852
1447,48.12072186705067
1448,-6.339437214594746
1449,226.7394420811907
1450,260.54631009221345
1451,-15.38306691632961
1452,-190.4938114699632
1453,-9.210935749779836
1454,198.35940515785592
1455,251.94835478875325
1456,252.6091881739846
1457,249.74868347491733
1458,25.593947966149365
1459,-109.64905838029084
1460,36.327711886532484
1461,-19.109887828329036
1462,-163.39736219235314
1463,22.338986076981726
1464,126.29713526362542
1465,97.21497754065024
1466,215.09385622715075
1467,-336.1343069038881
1468,-7.716937958093041
1469,-44.58989705368839
1470,-56.64594563753862
1471,125.1867915006602
1472,452.3463407104082
1473,-58.603088943053834
1474,-294.18572050981663
1475,-317.7873967945593
1476,151.0236092181594
1477,-54.92134296739779
1478,79.32117763274798
1479,-141.06168115074635
1480,-24.291514538886616
1481,-139.67251746073464
1482,7.270672650619929
1483,-436.7556527040344
1484,-133.18980092080625
1485,24.086303269462174
1486,91.59408219717953
1487,132.16571172028992
1488,292.90282417956297
1489,247.57370071646335
1490,-224.49866982155226
1491,-148.0823804376951
1492,-36.89561824890327
1493,138.1285280307205
1494,98.54362072363357
1495,53.320930086981306
1496,-301.145031256783
1497,151.08632854461942
1498,110.88837460342587
1499,97.56234366445005
1500,127.07487463344025
1501,59.478566093646705
1502,-98.83696430733167
1503,431.0071113329199
1504,40.90156529609662
1505,-114.73080443127186
1506,92.80327577097958
1507,-186.1450200489209
1508,-52.25580570286594
1509,-65.71360538495372
1510,-272.8735209973787
1511,179.46717511039793
1512,-98.53273525966404
1513,53.02512329314474
1514,-49.91121292620816
1515,284.11381019956565
1516,-219.64763288274722
1517,210.65521171868394
1518,163.2834341538011
1519,32.62100272996683
1520,-2.6169207683149978
1521,-12.396456362377094
1522,31.68058193323948
1523,261.9270176956449
1524,69.20996560168174
1525,99.30471705885329
1526,-36.329845222661305
1527,8.078492117790766
1528,4.385440534434089
1529,-241.17323711813572
1530,-286.3648029114336
1531,-365.536639873965
1532,-68.83617556921273
1533,25.87407580431615
1534,-12.163180459993953
1535,1.5077719352853478
1536,-134.84882957350592
1537,-118.76292594661291
1538,406.94552498785526
1539,-370.6209244710277
1540,-102.33418936849189
1541,-465.2606560771212
1542,4.106511810916452
1543,175.6260179782985
1544,-106.87668449640015
1545,24.525063687973883
1546,39.694239896337606
1547,144.06157092597027
1548,19.2049763212068
1549,90.63612560507657
1550,180.4749880408727
1551,178.74310116665066
1552,106.68502611185933
1553,104.96229151422892
1554,27.500545048940182
1555,-190.7993860209462
1556,-35.13869785686907
1557,-86.35483941138656
1558,-36.66523765550672
1559,130.80141753056432
1560,210.51609150739387
1561,-11.413307093351897
1562,94.90919789727478
1563,24.83772597776543
1564,-311.60802986045655
1565,-192.80467854506304
1566,-60.32180037317593
1567,-223.01661676505933
1568,88.16706199497482
1569,75.48812155026405
1570,162.9339963974147
1571,-45.439467294153836
1572,-90.57571817778911
1573,-126.55885146747242
1574,-196.78123574792093
1575,126.40701015367455
1576,-60.28113760484445
1577,39.81822911090262
1578,-5.697703839468161
1579,222.40349643613666
1580,116.03222955694712
1581,170.03441886307274
1582,-140.42706212651694
1583,23.319768000308247
1584,90.73649939930155
1585,-127.96473896130136
1586,47.70203419329487
1587,40.45318023742084
1588,348.58460116987396
1589,113.79039979709768
1590,66.37110628452861
1591,-136.59505910884064
1592,13.352523782466394
1593,210.81186467060098
1594,199.15472171602468
1595,127.02735206509445
1596,173.96071170948656
1597,50.383570289394726
1598,-72.03682828353242
1599,90.55645777653727
1600,68.67898417595605
1601,154.14949796907214
1602,-10.086372077919464
1603,-140.1151769255752
1604,252.85346134696573
1605,232.2030310793411
1606,64.67448773084233
1607,100.46950205115702
1608,62.66234153131013
1609,-34.72547402863704
1610,74.5323814775869
1611,-363.54798480565347
1612,-30.42356873681068
1613,122.65160070453604
1614,-21.891612729165303
1615,-195.48528874685502
1616,-6.384370138810734
1617,159.20822696739202
1618,-98.70649120769501
1619,-141.0856819420993
1620,53.31630085074981
1621,144.31142125791635
1622,-74.10620511422421
1623,91.80984890086697
1624,-9.434547546851231
1625,-41.51307479687611
1626,-75.06131771696366
1627,-8.677737353709027
1628,163.79001051173373
1629,-152.47844657331757
1630,199.36014555717668
1631,-59.25277570981928
1632,2.537594798579107
1633,270.74521939652726
1634,-219.14935165971167
1635,137.69432712399268
1636,-183.9407435787667
1637,312.94910000177606
1638,126.09951598802122
1639,-311.825247784341
1640,-43.96349479711934
1641,20.8906085193276
1642,-245.80165667622958
1643,-77.14444128618062
1644,82.93128566950965
1645,-128.27665539288023
1646,181.78862277815895
1647,-1.6422142959211072
1648,19.458915091548263
1649,73.46840945470046
1650,86.26230596454322
1651,33.48127479289659
1652,-24.976003937360062
1653,136.23653955314526
1654,-104.29400900685187
1655,-212.93322126126526
1656,73.47218394839882
1657,-140.04588062698232
1658,-349.91881110310624
1659,62.06230872616763
1660,143.8604752502294
1661,109.34209813129786
1662,38.230011911530774
1663,-29.510879002523666
1664,-3.742859250959345
1665,61.75124177674324
1666,108.06538378993112
1667,59.168953313955896
1668,21.064935341823627
1669,-240.1360412539101
1670,-41.44182846461719
1671,201.15800147387642
1672,105.55707702985156
1673,217.67978965744445
1674,-236.1824456428567
1675,165.29099361496563
1676,-207.45810574375594
1677,94.91789980994147
1678,128.57882587210662
1679,264.1794917442291
1680,72.162608461259
1681,-45.52257607149322
1682,5.254876023832921
1683,-92.2200516014427
1684,-28.20780736873691
1685,139.09694890552424
1686,-208.65504971447587
1687,233.74492188555746
1688,396.20120585241875
1689,-56.63107180988973
1690,24.291622704070306
1691,102.17609092235158
1692,-94.62840550054258
1693,-128.49060312396918
1694,163.83314043130534
1695,-12.255993948280334
1696,-14.86415818009148
1697,30.748901045582727
1698,-63.27121762321978
1699,79.2050015733061
1700,-62.931642133498535
1701,18.47595866060888
1702,36.35390329359437
1703,-126.09657356497573
1704,56.408370518695406
1705,-83.02400222759351
1706,-201.39590931356616
1707,-73.87163894439402
1708,2.8949597537602116
1709,-5.344369312334905
1710,432.2600395342016
1711,241.26202547939954
1712,44.262881182164335
1713,-199.62261842811046
1714,-212.10141845296593
1715,-93.56168723608934
1716,-29.27666344164274
1717,8.53390409716178
1718,15.410812612797898
1719,59.15700811698166
1720,4.9975128340349
1721,427.2501289281946
1722,34.81377450353321
1723,-70.82241790925451
1724,69.51103851132086
1725,-117.32012597976271
1726,11.007846962416039
1727,-8.175927738935854
1728,-41.17731907452335
1729,-85.08586048029348
1730,-89.91654312982362
1731,177.7817298719507
1732,25.163945490265917
1733,236.453995619762
1734,-127.14728440103318
1735,-7.428059486827895
1736,217.86087328067495
1737,-162.346608807753
1738,67.34474595827932
1739,-167.37733754935948
1740,19.769028797119795
1741,-114.9411005623513
1742,-178.885826253965
1743,110.17650323908421
1744,-199.2219933562041
1745,74.718180603972
1746,-308.5698414800654
1747,-20.704115452160217
1748,-45.071999436240475
1749,-16.511181820212826
1750,-174.5841848153877
1751,134.50699980527355
1752,226.98828193742332
1753,-179.03715235041085
1754,317.90099330436595
1755,-17.671703147590165
1756,277.90032441067
1757,-77.52435377639151
1758,-44.74433235539762
1759,102.14442604297714
1760,160.01422620816237
1761,-1.4901273501394598
1762,304.5251472185142
1763,30.86336075643377
1764,355.54012032713536
1765,-124.41887461826998
1766,-55.98687180370161
1767,149.72855004010816
1768,-127.15753425757333
1769,364.1094552766978
1770,-174.77869382753784
1771,4.536622635342127
1772,204.0953528369373
1773,70.72452138228503
1774,378.1383736916008
1775,106.27993048838232
1776,70.40992954023574
1777,-136.9814816333704
1778,-171.70613628465063
1779,183.243000818928
1780,-144.15632746523607
1781,-131.93685043268493
1782,69.50396029045238
1783,-165.7368954692531
1784,-102.26513973794985
1785,310.58856553773956
1786,214.99962362447988
1787,-302.5706853319389
1788,25.44988819713859
1789,14.189330683536497
1790,79.4564193127307
1791,-29.2317082409008
1792,-106.47100645580917
1793,213.15149771874982
1794,-152.19012877393968
1795,25.218308977367016
1796,-208.69963294012922
1797,-85.07848411458572
1798,140.0242233614968
1799,118.20122689443687
1800,-122.45805342866389
1801,-255.59047118597292
1802,15.883346232573373
1803,180.95895120054587
1804,267.31375731515266
1805,-59.584450988221846
1806,-25.91872278310803
1807,-122.23066534663432
1808,244.70083102933302
1809,123.13798172248568
1810,89.3348923910937
1811,-111.50079107016406
1812,16.905623227828478
1813,71.1405593862041
1814,102.56798874568396
1815,140.12680548465363
1816,-94.39107858365836
1817,3.658237906951854
1818,-93.62512659314368
1819,-72.19795430310815
1820,-168.78760711321283
1821,61.95993356802212
1822,146.99182502635716
1823,-74.20697459222865
1824,-28.838997053384666
1825,304.44879029816485
1826,-66.06286572782028
1827,-163.40192802221623
1828,199.6225984722035
1829,-51.01868770825217
1830,-227.73384281250205
1831,47.57333729904332
1832,-71.441891812316
1833,96.05633582751855
1834,-69.17791119823391
1835,129.80410761534233
1836,-258.4806735845927
1837,179.75688955923337
1838,173.91308950673243
1839,26.227272483691998
1840,155.79238724667695
1841,-265.0961844716626
1842,-252.97803014988716
1843,116.48284459740569
1844,-27.96540948124025
1845,199.19647248009304
1846,-102.2399592670516
1847,184.27056980034072
1848,-205.45974152133073
1849,-83.88606688961588
1850,27.192298261939285
1851,339.54080183532835
1852,-159.23646640054477
1853,-151.72700310937427
1854,189.42973235999563
1855,52.7105316668112
1856,168.78544846617382
1857,58.64184199984972
1858,-81.17907393259647
1859,-43.54242507912781
1860,284.19003821483784
1861,-88.75187522183185
1862,101.12054935416774
1863,-90.87256071867213
1864,-117.17698260104687
1865,144.80807937842997
1866,139.39630200906714
1867,-274.6207718639462
1868,57.013508088149095
1869,-120.25246679980552
1870,361.4612634178027
1871,-157.00302624982154
1872,-111.64025252874637
1873,-53.726367937816946
1874,-243.84284198344568
1875,-107.15956511975416
1876,-267.732372063344
1877,232.286719583895
1878,51.8803132247555
1879,-421.98432979663176
1880,-141.13450204109992
1881,-169.77666007364678
1882,122.0659929993494
1883,68.21175740944935
1884,272.0094978410119
1885,263.520854370265
1886,-403.66748393062574
1887,-297.5863979007451
1888,-38.95923076351555
1889,23.1350988264799
1890,179.8717202098773
1891,19.672103658736184
1892,-16.339325271339955
1893,80.8805031606873
1894,-102.52653198925486
1895,-133.46907579952074
1896,-202.19922730567464
1897,-236.9314828216699
1898,-11.472880699864895
1899,261.40871595752935
1900,255.38827621412318
1901,134.19233536033835
1902,97.81312292914191
1903,91.47131345477219
1904,108.42454279002249
1905,-191.55281930537944
1906,144.70338661991968
1907,-209.3520829310459
1908,-172.0396704810085
1909,-172.1426156637085
1910,-54.54102356117248
1911,236.39479703487814
1912,155.30137660122296
1913,-96.70211384341013
1914,-60.60621842649794
1915,-1.52607351927945
1916,-385.2021491021342
1917,-1.8854621480590055
1918,-133.28497786350954
1919,-105.490419391513
1920,-27.907821834443055
1921,-199.55896867521074
1922,116.40223869054202
1923,-44.847197045643895
1924,88.71194912505575
1925,52.29545624191179
1926,66.07635999204923
1927,174.04771420091146
1928,73.70095916993853
1929,-25.023978804504033
1930,169.34203875755574
1931,-72.12510404469718
1932,105.41609265444008
1933,-436.9379792222301
1934,155.94905631436086
1935,-26.407280791929608
1936,-99.54763898323874
1937,84.86393126367116
1938,22.484845381351505
1939,60.764328082177045
1940,-5.835205505510187
1941,-192.92748340416767
1942,52.71140717586531
1943,57.627140516306845
1944,220.36423122480477
1945,169.46343254336296
1946,122.30747806097591
1947,-20.121859251462837
1948,-33.28551532383409
1949,283.4626074863434
1950,-171.04623753692368
1951,-189.66736529264057
1952,78.63551713228951
1953,180.62032992813138
1954,222.46104928308478
1955,-40.482130234842145
1956,-173.88347165234651
1957,22.54146836683651
1958,95.17331369025383
1959,75.48231331980114
1960,46.60873426501813
1961,109.8552452632533
1962,-103.79298037375489
1963,-15.52668864649766
1964,-2.51082118948937
1965,-19.140820856249917
1966,114.7920771916341
1967,-20.712746477663263
1968,72.05589497906868
1969,109.43363327835056
1970,-108.78122186494306
1971,4.857912061158217
1972,106.10070029528174
1973,-99.41216886067919
1974,22.145981414110693
1975,-18.59340850925055
1976,192.26427521572722
1977,24.98776483665806
1978,1.7586240763833594
1979,190.31158852395617
1980,-47.79288445598171
1981,-74.92678687685446
1982,-29.156600084984163
1983,45.92492517813011
1984,-54.617596590722236
1985,-75.729546148748
1986,45.172012699828855
1987,-11.805285057802074
1988,202.33794248206453
1989,102.5741158689268
1990,104.94996863855552
1991,-39.20827122997132
1992,-22.241107031113856
1993,-45.107464224083316
1994,-190.47692179314834
1995,-113.55049567194897
1996,-206.41973054132708
1997,-149.14243666471666
1998,-60.84150816339621
1999,-58.42097616347031
2000,203.33068601228962
2001,57.51839647897591
2002,77.51795652924423
2003,118.81853500398303
2004,81.52766306757175
2005,100.84735795902647
2006,-50.104490426542185
2007,-160.45738168177468
2008,247.24781075241003
2009,-30.35645199905162
2010,43.669643318554016
2011,30.37721222063503
2012,99.16793419083913
2013,155.4623208416209
2014,-150.11761601591778
2015,140.7374416851184
2016,96.37406138069707
2017,-63.515886836169436
2018,217.32647098108683
2019,-117.42858735400038
2020,-75.60216361930921
2021,9.856180748563593
2022,182.6420298974964
2023,57.384705975422904
2024,-32.81051946041973
2025,266.37691213698565
2026,69.4932132425165
2027,-169.69699904403984
2028,-51.44336629489716
2029,45.55179011525158
2030,219.8310803860611
2031,27.792731992560917
2032,-0.8778549529177937
2033,-78.31824431249461
2034,-31.188633939166117
2035,394.2845341329026
2036,-68.8518886488466
2037,91.36693530404926
2038,-159.0288381346341
2039,-18.371052425912367
2040,-9.091421214068028
2041,-79.85829231468873
2042,179.60142673945134
2043,127.96147068099512
2044,114.52177704620388
2045,-38.47354467868558
2046,-5.5706881400844
2047,-6.6763303905542415
2048,-99.81318432058791
2049,-150.23614620858598
2050,-58.529420711914455
2051,-227.92116405219537
2052,121.68365198331274
2053,7.128464851608129
2054,-2.484619593665336
2055,183.27909095777963
2056,-33.658529229912915
2057,-261.5983584367498
2058,-6.2902308616337805
2059,-53.745056303436
2060,-144.10864338209447
2061,110.92049145711437
2062,-67.23657619338418
2063,-169.66637881854837
2064,25.631341373550057
2065,-156.06007805809585
2066,65.4896025328892
2067,-149.12198358495678
2068,69.29911477867007
2069,-287.8965428131169
2070,-231.87459227944143
2071,-459.2879272209068
2072,238.95903527191103
2073,302.4046107526391
2074,21.02846571566478
2075,-150.62261198640684
2076,-43.838744834696534
2077,-194.04502025467934
2078,-237.80268930840114
2079,76.89999602208005
2080,105.04596843183512
2081,-97.32870752861
2082,-134.95953201084973
2083,24.139489536055173
2084,-26.281423771653003
2085,-3.299833114058771
2086,-39.20414527138519
2087,231.03817671112702
2088,116.85387888979136
2089,-222.14558046708413
2090,-161.980082979033
2091,-109.0175038881025
2092,-74.00533145100458
2093,-55.2721809848496
2094,-185.8232717902047
2095,254.77504932183075
2096,-146.1797200404826
2097,-74.59936236307053
2098,80.80595104047414
2099,-61.56381277351127
2100,164.58586239243067
2101,-65.59609048698628
2102,18.416384276784044
2103,-3.34610771369978
2104,-104.8927991799502
2105,77.94670846484618
2106,4.707334131436589
2107,9.626336659360561
2108,-88.02951509076402
2109,37.2434707788116
2110,104.99860268766706
2111,35.06910933643992
2112,112.92869562779434
2113,-115.51401172372778
2114,18.56158770520745
2115,-250.27756130216585
2116,1.9390338131133262
2117,-126.89993623001925
2118,-325.927653487659
2119,-76.79009536964259
2120,-12.809401921731315
2121,134.3306015886135
2122,152.25241741569488
2123,29.853199088402548
2124,-258.7125489337891
2125,79.24721620172166
2126,-183.15800004096673
2127,-253.89232165268743
2128,203.3503905658625
2129,-25.742303386061337
2130,44.80487246726493
2131,-212.12428386547424
2132,-191.87855850723793
2133,-91.495802788068
2134,-44.26254677792491
2135,-3.3183336855621093
2136,-53.05870030796088
2137,95.79915386196363
2138,54.700393299855314
2139,25.821750290355013
2140,-6.935767051698637
2141,-43.20372061165628
2142,66.48866115986621
2143,-33.502501679482506
2144,100.82538621545521
2145,164.16328203127733
2146,27.285455945181212
2147,-38.37352008521853
2148,-382.8125769680104
2149,-68.8751965233167
2150,57.18718151309631
2151,137.60550177920865
2152,181.02167505205097
2153,56.27710759788248
2154,-141.7492594499899
2155,-153.0293188548434
2156,129.49603774081754
2157,68.80170812900579
2158,-51.9082535904781
2159,-109.6454688999903
2160,-54.1108428204935
2161,-168.91523685275723
2162,-126.92255944663088
2163,192.85046086774855
2164,-55.67547430267991
2165,-120.29193443624686
2166,-137.13960701998244
2167,-209.63009089736983
2168,-35.23216461110377
2169,-159.68853885362176
2170,260.4522641832528
2171,7.166367331320828
2172,-167.29798582440088
2173,23.1174251484062
2174,-6.5665785899354265
2175,498.4059339389709
2176,-27.554160462317498
2177,-218.1898173664939
2178,229.04574210678916
2179,-37.36066897538004
2180,-120.05868636338153
2181,90.60182153166384
2182,12.23377522694443
2183,82.05208287372608
2184,-60.207976008381934
2185,164.15958604667966
2186,-2.560062112662049
2187,-107.40095468031201
2188,126.50705883304173
2189,119.36257318592413
2190,-2.1569058333786018
2191,138.8925175598429
2192,44.106183049606116
2193,-4.525361642824066
2194,-0.7282559942829039
2195,-51.03480937153648
2196,-71.59962263861081
2197,-143.85113487815426
2198,-83.1370996171019
2199,145.08017150682758
2200,-151.42933079621264
2201,-112.89309538132974
2202,123.35425211638395
2203,-28.794763133510354
2204,252.6454370674228
2205,-91.45762951473384
2206,-75.78796345245226
2207,197.75104952031504
2208,112.01056892229514
2209,263.6510239356642
2210,20.86305414081962
2211,85.96461751497307
2212,-26.69165744120391
2213,-24.227053550807945
2214,-43.855296607524835
2215,240.2391139609299
2216,-20.762384458654452
2217,-179.87469713988236
2218,-82.014224987603
2219,114.22989886459361
2220,-84.85015804269386
2221,-132.39483207964597
2222,-31.605809099291477
2223,206.04983803960235
2224,41.96777343460943
2225,59.228570142906925
2226,-207.72080181731513
2227,-25.714131962538367
2228,298.4842566906875
2229,72.55529973950034
2230,-27.052929827176158
2231,86.67327843395606
2232,-86.86361042533525
2233,-104.79006673118431
2234,-6.603104314143707
2235,91.1697092681849
2236,-239.74153103075847
2237,21.43414643101209
2238,-138.46184179799565
2239,228.46441438162614
2240,-129.4090064679563
2241,-52.49417638389056
2242,267.02088916288193
2243,132.3566263225357
2244,-17.883246018524055
2245,66.32842008999782
2246,159.0743242870824
2247,-242.6037198252349
2248,105.86842120457356
2249,48.9304273324036
2250,171.9904875271224
2251,60.973813124047275
2252,390.7719062200515
2253,-314.6987090240789
2254,-62.697098108603086
2255,135.6011680476217
2256,84.10154860597373
2257,58.899973455750185
2258,-10.463272434105521
2259,11.572050771455594
2260,61.03099859110167
2261,-55.50659316355538
2262,-25.33579659391144
2263,-23.06394080370316
2264,149.91155256773197
2265,-70.73888058519535
2266,40.94049668505534
2267,31.889874679537286
2268,86.28732390393998
2269,-0.14925984743476306
2270,128.65183772999268
2271,-3.294032804726889
2272,107.61641225454483
2273,-271.767963895313
2274,81.77552977111546
2275,-206.7051372253925
2276,377.0667592427578
2277,-27.57788001846195
2278,-64.28504834190724
2279,-231.80669277835838
2280,-502.44818952325943
2281,73.17484506648009
2282,166.08225877540713
2283,-216.53183861464532
2284,59.85755446460148
2285,-293.80060482854304
2286,185.39027707723318
2287,128.6977967687471
2288,58.31517246125317
2289,51.81240011603553
2290,67.07148802634947
2291,14.124816139835694
2292,165.6476947817384
2293,-21.338487392418088
2294,69.61328094351163
2295,-20.08606330320383
2296,-100.09068631206146
2297,-0.622949816448795
2298,3.8285711790338155
2299,-182.66432584557498
2300,-146.9666280497277
2301,-54.67391923877682
2302,-336.1774827370813
2303,-35.126258054993244
2304,-133.07348649725878
2305,-101.12962892350943
2306,-62.24325965756396
2307,196.23623419679404
2308,-38.53377260243292
2309,190.13149004464844
2310,141.36099786439735
2311,223.00790584335488
2312,119.53089344957822
2313,161.7626798677145
2314,-74.43636910420229
2315,-336.53267736998754
2316,320.7098971548893
2317,-64.3735051183
2318,23.767962687296077
2319,-23.65321579785406
2320,237.71944788580944
2321,41.395794274524135
2322,121.68582670629273
2323,89.60530630860642
2324,-217.06075938596865
2325,-250.14130729878286
2326,-105.87173181623453
2327,-91.16020882284442
2328,-76.32492117228398
2329,142.25316931157215
2330,148.64326792551248
2331,113.98981120484379
2332,84.7817303737388
2333,-238.41645958523836
2334,64.81983203046019
2335,-217.72042101032446
2336,-34.03061036773224
2337,69.54171184987555
2338,-348.4475506474095
2339,38.55908793252132
2340,123.30100112962933
2341,-121.90351724091539
2342,51.29126451232694
2343,-77.09622409866562
2344,130.4592474642365
2345,-233.72126245237015
2346,-35.01467086057073
2347,275.059241267492
2348,70.34419628485644
2349,-131.2025874958863
2350,15.242669339519267
2351,-30.15271561295468
2352,153.5659015715354
2353,161.71873729933606
2354,-54.37290680336277
2355,61.26178626347206
2356,37.218519932952695
2357,-10.980698930209513
2358,22.341603151834107
2359,205.4955046282434
2360,-187.30012331255364
2361,-393.1775644476104
2362,-221.20408229619457
2363,35.73138342302673
2364,117.0304253601249
2365,4.451515104368497
2366,104.14206692381401
2367,157.55540468512774
2368,-13.04296743163873
2369,197.4161442400688
2370,27.537846188548095
2371,-35.55815466701408
2372,-105.04147978963977
2373,-42.63700568553881
2374,73.91903873068581
2375,-48.16109348975597
2376,0.13881520072908415
2377,-78.15551340597575
2378,270.79930124380087
2379,-60.56662404487354
2380,158.9256410577117
2381,47.36759697143347
2382,-20.1898567398717
2383,-271.59846770441425
2384,190.55045429662283
2385,-93.00056481431974
2386,-418.2130523652459
2387,-31.98021120974679
2388,182.0652329473886
2389,-28.79283322269256
2390,280.0375665469138
2391,80.32365907453922
2392,414.0825530048474
2393,-229.47817569391822
2394,193.0751100568283
2395,-166.2055328223101
2396,-332.2274273590682
2397,157.80513908709838
2398,109.99167838102798
2399,-161.39364242874987
2400,78.46051237605938
2401,-118.78643572396092
2402,25.88647371665955
2403,36.10878127669764
2404,-162.01539132024334
2405,-231.67362111878595
2406,-49.280000693030885
2407,-7.197939824310424
2408,56.307967373029975
2409,-9.561302775790736
2410,132.60461511141455
2411,-13.380586741637956
2412,47.96519058732016
2413,-298.39884895440525
2414,-0.07332717538518807
2415,66.80897386319242
2416,123.63195662296353
2417,31.507976176372637
2418,70.99137360287834
2419,-41.236539697115674
